{
    "array": 2,
    "layer": "layer3",
    "monkey": "monkeyF",
    "mean_correlation": 0.008935164412832819,
    "median_correlation": 0.00657409499399364,
    "neuron_correlations": [
        -0.016890710219740868,
        0.1846858710050583,
        0.11062337458133698,
        0.08532685041427612,
        -0.07196267694234848,
        0.16090308129787445,
        0.14169421792030334,
        0.024694791063666344,
        -0.044547297060489655,
        0.24178637564182281,
        0.02081930823624134,
        -0.13489209115505219,
        0.13458169996738434,
        0.08316218852996826,
        0.06495773047208786,
        -0.11325494199991226,
        0.024631980806589127,
        -0.025247732177376747,
        0.05844353511929512,
        -0.18866121768951416,
        0.03143700212240219,
        0.10370610654354095,
        -0.06774823367595673,
        -0.03591013327240944,
        -0.10571324825286865,
        0.2518782317638397,
        -0.004468618426471949,
        0.08197467774152756,
        -0.08662482351064682,
        0.049216363579034805,
        0.14706586301326752,
        0.005106054246425629,
        -0.047725290060043335,
        0.02866695448756218,
        -0.07688009738922119,
        0.0073621938936412334,
        -0.008381600491702557,
        -0.03458501771092415,
        0.03486965596675873,
        0.04045024886727333,
        0.06380238384008408,
        0.06986410170793533,
        0.020616047084331512,
        0.017531510442495346,
        -0.10188595205545425,
        0.08790755271911621,
        -0.04756515845656395,
        -0.043184634298086166,
        -0.14487923681735992,
        -0.04210158437490463,
        -0.042430367320775986,
        -0.019721658900380135,
        -0.11098785698413849,
        0.010432216338813305,
        0.0057859960943460464,
        -0.12128686159849167,
        0.15753111243247986,
        -0.10202997922897339,
        0.009538717567920685,
        -0.09160462766885757,
        -0.008143512532114983,
        -0.07048150151968002,
        -0.05559296905994415,
        0.0761861577630043
    ]
}