{
    "array": 0,
    "layer": "layer3",
    "monkey": "monkeyF",
    "mean_correlation": 0.012611015539732762,
    "median_correlation": 0.010488381143659353,
    "neuron_correlations": [
        0.08181896060705185,
        0.06713519990444183,
        0.1630091667175293,
        0.08156832307577133,
        -0.13036803901195526,
        0.04771064966917038,
        -0.12730452418327332,
        -0.06934551149606705,
        -0.11548949033021927,
        0.10758546739816666,
        -0.0494743287563324,
        -0.0792212039232254,
        -0.12084759771823883,
        -0.11473382264375687,
        -0.06731177866458893,
        -0.00373742263764143,
        -0.056123800575733185,
        0.20998887717723846,
        0.020065460354089737,
        0.06832258403301239,
        -0.01966225728392601,
        -0.008727259002625942,
        0.06680057942867279,
        0.1526167392730713,
        -0.03063892386853695,
        0.15289410948753357,
        -0.052151355892419815,
        0.11562734842300415,
        0.25932517647743225,
        -0.07428480684757233,
        0.07838525623083115,
        0.0411369726061821,
        -0.015107589773833752,
        -0.1191738098859787,
        0.028618881478905678,
        -0.16642990708351135,
        0.07905414700508118,
        0.09381205588579178,
        -0.06932810693979263,
        0.1554296761751175,
        -0.17133082449436188,
        0.16636694967746735,
        0.18187427520751953,
        0.012380385771393776,
        -0.060419805347919464,
        -0.0688432902097702,
        0.032407358288764954,
        0.06651902943849564,
        0.15228788554668427,
        0.09862016886472702,
        -0.13523460924625397,
        0.010533245280385017,
        -0.0493331141769886,
        0.028215834870934486,
        0.08252807706594467,
        -0.046683698892593384,
        -0.017652982845902443,
        -0.15648271143436432,
        0.11823257803916931,
        0.010443517006933689,
        0.053005706518888474,
        -0.07357802987098694,
        -0.01783372461795807,
        0.009638679213821888
    ]
}