{
    "array": 7,
    "layer": "layer3",
    "monkey": "monkeyF",
    "mean_correlation": -0.010215023357886821,
    "median_correlation": -0.014960466884076595,
    "neuron_correlations": [
        0.017139853909611702,
        0.05135123431682587,
        -0.027303902432322502,
        -0.17448373138904572,
        -0.17141634225845337,
        -0.03979552909731865,
        -0.17176465690135956,
        -0.12527868151664734,
        -0.067071333527565,
        -0.01072328258305788,
        0.13379788398742676,
        0.046186208724975586,
        -0.07658214867115021,
        -0.01650143228471279,
        -0.07019980251789093,
        0.06040187180042267,
        0.02119075134396553,
        -0.07488775253295898,
        -0.07221903651952744,
        -0.06028125807642937,
        -0.09705148637294769,
        0.10411494970321655,
        0.03201250359416008,
        0.041011303663253784,
        -0.1132679134607315,
        0.06888645142316818,
        0.07103868573904037,
        -0.0758649930357933,
        -0.12777027487754822,
        -0.05588427931070328,
        0.06861568242311478,
        0.06888984143733978,
        -0.08600686490535736,
        -0.001227967906743288,
        -0.07540637999773026,
        -0.12992030382156372,
        0.12446033209562302,
        0.04764629155397415,
        0.09909271448850632,
        0.10579395294189453,
        0.0656057596206665,
        -0.07128708064556122,
        0.015206891112029552,
        0.026247134432196617,
        0.1722193956375122,
        0.13428670167922974,
        -0.04160791635513306,
        0.1422448605298996,
        -0.10798734426498413,
        -0.0418802909553051,
        -0.09114733338356018,
        -0.0134195014834404,
        -0.03641170263290405,
        -0.030763767659664154,
        -0.012531028129160404,
        0.028285158798098564,
        -0.07230479270219803,
        0.0615832656621933,
        -0.04112868383526802,
        -0.06218331307172775,
        0.11840589344501495,
        -0.07728913426399231,
        0.04592210054397583,
        -0.004547926131635904
    ]
}