{
    "array": 4,
    "layer": "layer3",
    "monkey": "monkeyF",
    "mean_correlation": -0.008416939963353798,
    "median_correlation": -0.01529815886169672,
    "neuron_correlations": [
        0.006911054719239473,
        0.06086242198944092,
        0.008972431533038616,
        0.0026922100223600864,
        -0.03537244722247124,
        0.10408546775579453,
        -0.1322452872991562,
        0.13577944040298462,
        -0.017829569056630135,
        0.13465258479118347,
        -0.07535117119550705,
        -0.028063032776117325,
        0.05716145411133766,
        -0.005899886600673199,
        -0.041623737663030624,
        -0.012330073863267899,
        -0.008201139979064465,
        -0.030356887727975845,
        -0.06819584965705872,
        -0.09284381568431854,
        0.03188682347536087,
        0.0149970268830657,
        0.005168090108782053,
        -0.03596596047282219,
        -0.06842154264450073,
        -0.005164246540516615,
        -0.059260956943035126,
        0.06238050013780594,
        0.03383570536971092,
        -0.05650726705789566,
        -0.09178629517555237,
        0.013266557827591896,
        -0.11227171123027802,
        -0.1356602907180786,
        -0.04479736089706421,
        -0.024107689037919044,
        0.17102280259132385,
        -0.045654989778995514,
        -0.01992541179060936,
        0.2005428522825241,
        -0.08164035528898239,
        -0.12578268349170685,
        -0.02541666105389595,
        -0.1472603678703308,
        0.19390946626663208,
        0.01670490764081478,
        0.1851133406162262,
        0.04631560295820236,
        -0.023977143689990044,
        -0.025943273678421974,
        0.03976695239543915,
        -0.025253038853406906,
        -0.012766748666763306,
        0.040865208953619,
        0.01583854667842388,
        -0.178765669465065,
        -0.16675932705402374,
        -0.061331458389759064,
        0.12009478360414505,
        -0.008528351783752441,
        0.020916633307933807,
        -0.031219420954585075,
        0.032228127121925354,
        -0.1321740299463272
    ]
}