{
    "array": 5,
    "layer": "layer3",
    "monkey": "monkeyF",
    "mean_correlation": -0.016903643449950323,
    "median_correlation": -0.019908657297492027,
    "neuron_correlations": [
        -0.11370490491390228,
        0.0338459387421608,
        -0.11998191475868225,
        -0.048076823353767395,
        0.10724363476037979,
        -0.15473902225494385,
        0.02480902150273323,
        0.04583307355642319,
        0.022802487015724182,
        -0.08227372914552689,
        -0.0317569263279438,
        -0.13163863122463226,
        -0.026633670553565025,
        -0.13706260919570923,
        -0.0008405136759392917,
        0.10104360431432724,
        -0.0005159523570910096,
        -0.015843866392970085,
        0.015819953754544258,
        -0.08677639067173004,
        -0.05088163912296295,
        -0.07204841822385788,
        0.05696514993906021,
        0.12087803333997726,
        -0.011579299345612526,
        0.07113968580961227,
        0.13466423749923706,
        -0.08033920079469681,
        -0.15207771956920624,
        -0.14296038448810577,
        -0.1853497326374054,
        0.009998389519751072,
        -0.1403292417526245,
        0.024213431403040886,
        -0.05554581806063652,
        0.028950130566954613,
        0.07825018465518951,
        0.041662704199552536,
        -0.12411849945783615,
        -0.11050976812839508,
        0.010215681977570057,
        0.008602260611951351,
        -0.04669351875782013,
        0.08349072933197021,
        0.12726996839046478,
        0.00688457116484642,
        0.14127254486083984,
        -0.030541852116584778,
        0.0842718556523323,
        -0.061363328248262405,
        -0.11152566969394684,
        -0.02397344820201397,
        0.06865397840738297,
        0.05466127395629883,
        -0.034041400998830795,
        -0.08427483588457108,
        0.09036234766244888,
        -0.030621934682130814,
        -0.007740513887256384,
        -0.0535564087331295,
        0.10300388187170029,
        -0.07341505587100983,
        -0.058752529323101044,
        -0.08655676245689392
    ]
}