{
    "array": 6,
    "layer": "layer3",
    "monkey": "monkeyF",
    "mean_correlation": -0.037415524708194425,
    "median_correlation": -0.04837167635560036,
    "neuron_correlations": [
        0.021807745099067688,
        -0.004482936579734087,
        -0.13857075572013855,
        -0.18617285788059235,
        -0.001820891397073865,
        -0.124660924077034,
        -0.050323162227869034,
        0.040152907371520996,
        0.08428496867418289,
        -0.07935675978660583,
        -0.20288953185081482,
        -0.09268274158239365,
        -0.19733433425426483,
        -0.09516500681638718,
        0.00201320368796587,
        -0.03216474875807762,
        0.12697641551494598,
        -0.003428769065067172,
        0.2870272099971771,
        -0.07404009997844696,
        -0.14214526116847992,
        -0.04642019048333168,
        0.1299380511045456,
        -0.10082991421222687,
        -0.001584646524861455,
        0.009034971706569195,
        0.09560010582208633,
        -0.08779232203960419,
        -0.08445477485656738,
        0.08276667445898056,
        -0.03556730970740318,
        -0.05533779785037041,
        0.08208738267421722,
        -0.0371364988386631,
        -0.06520487368106842,
        -0.10743071138858795,
        -0.03808348625898361,
        -0.02115330472588539,
        -0.06221017241477966,
        -0.0448979027569294,
        0.015022207982838154,
        0.008766984567046165,
        -0.10238167643547058,
        -0.0751229003071785,
        -0.09575339406728745,
        -0.07428702712059021,
        -0.01386111881583929,
        -0.08441826701164246,
        0.1273912936449051,
        -0.019482780247926712,
        0.0760326087474823,
        -0.023674996569752693,
        -0.027246326208114624,
        -0.08328845351934433,
        -0.0969882532954216,
        -0.09478305280208588,
        0.07823321968317032,
        -0.11007676273584366,
        -0.05216025933623314,
        -0.052370354533195496,
        -0.08302677422761917,
        -0.16328498721122742,
        -0.021661322563886642,
        -0.1745181381702423
    ]
}