{
    "array": 1,
    "layer": "layer3",
    "monkey": "monkeyF",
    "mean_correlation": -0.02971911514759995,
    "median_correlation": -0.031974660232663155,
    "neuron_correlations": [
        -0.2451259344816208,
        -0.047211624681949615,
        -0.053820911794900894,
        0.02689613401889801,
        0.0024715724866837263,
        0.02499457262456417,
        -0.03154294565320015,
        0.17473304271697998,
        -0.07383580505847931,
        -0.09861993789672852,
        -0.03278198838233948,
        -0.018780266866087914,
        0.014429132454097271,
        -0.039597123861312866,
        0.0672668069601059,
        -0.1557832956314087,
        -0.2001204788684845,
        0.1572580188512802,
        -0.030562900006771088,
        0.01575222611427307,
        -0.010439177975058556,
        -0.09805376082658768,
        -0.11696255207061768,
        -0.0016270072665065527,
        -0.18693099915981293,
        0.02492889203131199,
        0.04143482446670532,
        -0.16040202975273132,
        -0.027452971786260605,
        0.16224779188632965,
        -0.08841772377490997,
        0.1269318163394928,
        -0.14825588464736938,
        -0.03051246516406536,
        -0.10689741373062134,
        -0.116413913667202,
        -0.0846688449382782,
        0.1326383650302887,
        0.10448237508535385,
        0.02188224345445633,
        -0.09735508263111115,
        -0.10158608108758926,
        -0.032374877482652664,
        -0.07694778591394424,
        -0.03444509208202362,
        0.12868785858154297,
        0.07895752787590027,
        -0.03011244349181652,
        0.0341971293091774,
        -0.02114640548825264,
        -0.1201995238661766,
        -0.04854124039411545,
        -0.06163603439927101,
        -0.10330498218536377,
        -0.04459577053785324,
        0.05987539142370224,
        -0.050881072878837585,
        -0.03852922096848488,
        0.03588944301009178,
        -0.06699424237012863,
        -0.031574442982673645,
        -0.1649341732263565,
        -0.03027528151869774,
        0.022273177281022072
    ]
}