{
    "array": 3,
    "layer": "layer3",
    "monkey": "monkeyF",
    "mean_correlation": -0.03721732962731039,
    "median_correlation": -0.07562839984893799,
    "neuron_correlations": [
        -0.16180098056793213,
        -0.1340092420578003,
        -0.08000338822603226,
        -0.25829580426216125,
        0.10303112119436264,
        -0.030991071835160255,
        -0.15245692431926727,
        -0.13403472304344177,
        -0.25534582138061523,
        -0.18644163012504578,
        -0.18731410801410675,
        -0.17195089161396027,
        0.1208333671092987,
        -0.05592405050992966,
        0.08298080414533615,
        0.11686436086893082,
        -0.1276291012763977,
        0.025968540459871292,
        -0.23314321041107178,
        0.045650914311409,
        -0.11640426516532898,
        -0.01598428189754486,
        -0.08606113493442535,
        0.04881800338625908,
        -0.17422494292259216,
        -0.1271018236875534,
        -0.15568020939826965,
        0.081265389919281,
        0.194141685962677,
        0.19127310812473297,
        0.1652076244354248,
        0.07324212044477463,
        -0.2408774495124817,
        0.020486153662204742,
        0.05335956811904907,
        -0.0371527224779129,
        0.027270231395959854,
        0.21619907021522522,
        0.21617689728736877,
        0.17182593047618866,
        -0.11312559247016907,
        -0.11366800218820572,
        -0.13870136439800262,
        -0.09320453554391861,
        0.1691896915435791,
        0.15202824771404266,
        -0.0886244848370552,
        -0.10099679976701736,
        -0.15149222314357758,
        -0.0525498203933239,
        -0.23279963433742523,
        -0.178986057639122,
        -0.08438064903020859,
        -0.11897891014814377,
        0.09761875122785568,
        0.01878848858177662,
        -0.007100231479853392,
        -0.07125341147184372,
        -0.14879260957241058,
        0.1476372480392456,
        -0.1073179766535759,
        -0.08367803692817688,
        0.08298485726118088,
        0.003726845607161522
    ]
}